<?xml version='1.0' encoding='utf-8'?>
<noticias><noticia><url>https://www.cronica.com.mx/mundo/2025/08/14/francia-destina-ocho-millones-de-euros-en-ayudas-de-urgencia-para-agricultores-afectados-por-megaincendio/</url><titulo>Francia destina ocho millones de euros en ayudas de urgencia para agricultores afectados por megaincendio</titulo><autores>Por, Eidalid López Pérez</autores><texto>Francia destina ocho millones de euros en ayudas de urgencia para agricultores afectados por megaincendio

El Gobierno de Francia anunció un dispositivo de ayudas inmediatas por ocho millones de euros para apoyar a los agricultores afectados por el megaincendio que devastó el macizo de Corbières, en el sur del país. El sinistro arrasó con 16.00 hectáreas, incluidas 2.000 de cultuvo y varias explotaciones agrícolas, convirtiéndose en el mayor incendio registrado en Francia desde 1949.

La ministra de Agricultura, Annie Genevard, presentó las medidas durante una visita a la localidad de Saint Laurent de la Cabrerisse, en el corazón de la zona afectada. “Este dispositivo es expresión de la solidariadad nacional con un territorio profundamente golpeado”, afirmó

El fondo de urgencias busca indemnizar a los productores por la pérdida de cosechas, el daño a terrenos agrícolas, así como la destrucción de edificios, al macenes y maquinaria.

“Nuestro compromiso es garantizar que los agricultores reciban apoyo inmediato para reconstruir sus medios de vida y reactivar la actividad productiva cuanto antes”, subrayó Genevard.

El incendio, que se inició el pasado 5 de agosto al borde de una carretera entre Ribaute y Lagrasse, ha dejado una mujer fallecida —quien se negó a evacuar su vivienda— y doce personas heridas, dos de ellas de gravedad. Las llamas también destruyeron 36 viviendas, una veintena de almacenes agrícolas y decenas de vehículos, además de dañar significativamente plantaciones de viñedos, recurso clave para la economía local.

La Fiscalía de Montpellier abrió una investigación tras determinar que el fuego fue de origen humano y no descarta que haya sido provocado. Los peritos analizan diversos indicios para identificar a los responsables y esclarecer las circunstancias que originaron la catástrofe.

Además del apoyo económico, el Ministerio de Agricultura desplegará equipos técnicos para evaluar la viabilidad de rehabilitar los suelos dañados y prevenir riesgos de erosión. El Gobierno francés también prevé coordinar esfuerzos con la Unión Europea para acceder a fondos solidarios comunitarios y reforzar las políticas de prevención de incendios forestales.</texto><imagen_url>https://lacronicadehoy-lacronicadehoy-prod.web.arc-cdn.net/resizer/v2/3EO2BKUCPNEXPICMNWUOE7M3FQ.jpg?auth=d7439826aa9dff640f7b8cf7d5c14cb54e7fe400f0e515c2c16651bb2dca916d&amp;width=1200</imagen_url></noticia><noticia><url>https://www.cronica.com.mx/mundo/2025/08/13/eu-retira-visas-a-funcionarios-brasilenos-por-contratar-medicos-cubanos-es-trabajo-forzado/</url><titulo>EU retira visas a funcionarios brasileños por contratar médicos cubanos: “Es trabajo forzado”</titulo><autores>Por, Fran Ruiz Perea</autores><texto>Misión cubana Médicos cubanos participan en Brasil en el programa "Mais médicos" para lugares remotos (X)

El secretario de Estado de Estados Unidos, Marco Rubio, de origen cubano, anunció este miércoles restricciones de visados para funcionarios de Brasil, la caribeña Granada y algunos países africanos, por contratar misiones médicas cubanas, aunque libró, de momento, a México, país donde operan desde 2022, tras el convenio firmado por el entonces presidente Andrés Manuel López Obrador con las autoridades del régimen.

“Hoy, el Departamento de Estado tomó medidas para imponer restricciones de visas a funcionarios de gobiernos africanos, del cubano y del granadino, y a sus familiares, por su complicidad en el plan de misiones médicas del régimen cubano”, declaró en un comunicado Rubio, sin detallar los nombre de los funcionarios afectado ni qué naciones africanas están incluidas en las sanciones.

Asimismo, apuntó al programa ‘Mais Médicos’ —impulsado por el gobierno de Lula da Silva, en cooperación con la Organización Panamericana de la Salud para llevar médicos a áreas remotas de Brasil— fue una “estafa diplomática desmesurada”.

Contra los “esclavistas del régimen”

Rubio denunció que la dictadura que preside Miguel Díaz-Canel “renta” a sus médicos a “precios elevados” para luego quedarse con la mayor parte de estos ingresos.

“Este plan enriquece al corrupto régimen cubano al tiempo que priva al pueblo cubano de atención médica esencial”, advirtió.

Según señaló el secretario de Estado, EU “tomará las medidas necesarias para poner fin a este trabajo forzoso”, al tiempo que instó a los países a que “paguen directamente a los médicos por sus servicios, no a los esclavistas del régimen”.

Estados Unidos también está tomando medidas para revocar visas e imponer restricciones a varios funcionarios del Gobierno brasileño y exfuncionarios de la Organización Panamericana de la Salud (OPS), cuyos nombres tampoco informó.

La Administración de Donald Trump ya había anunciado sanciones en febrero y junio pasados contra funcionarios cubanos y de países centroamericanos relacionados con las misiones médicas cubanas, una de las principales fuentes de ingresos de La Habana.

Por su parte, Cuba rechaza categóricamente las acusaciones de Washington y denuncia lo que considera como “una campaña de desprestigio” contra su programa de cooperación y sus doctores, presente en varias naciones latinoamericanas y caribeñas, junto a una veintena de países africanos.

En el primer reporte de derechos humanos desde el regreso al poder de Trump, Estados Unidos señaló este martes a lo que ve como “trabajo forzoso auspiciado por el Estado” entre las violaciones registradas durante el 2024.</texto><imagen_url>https://lacronicadehoy-lacronicadehoy-prod.web.arc-cdn.net/resizer/v2/I2LZYXRHWNEIXDXCZ5PXX5ZF6M.jpg?auth=0cb5fe4544ae1833ba45d50f5d02305a2235b227c2c5a832834c760abe894076&amp;width=1200</imagen_url></noticia><noticia><url>https://www.cronica.com.mx/mundo/2025/08/13/ong-venezolana-celebra-la-liberacion-de-activistas-y-exige-la-libertad-de-807-presos-politicos/</url><titulo>ONG venezolana celebra la liberación de activistas y exige la libertad de 807 presos políticos – La Crónica de Hoy México</titulo><autores>Por, Adolfo López</autores><texto>Junto a Martha Lía Grajales todos los presos políticos del país deben ser liberados (X: @_Provea)

La ONG Provea celebró este miércoles la liberación de la activista de izquierda y cofundadora del colectivo SurGentes, Martha Grajales, excarcelada la noche del martes, aunque todavía enfrenta un juicio.

Martha Grajales fue arrestada el pasado viernes tras participar en una protesta frente a la sede de la ONU en Caracas, en apoyo a las integrantes del Comité de Madres en Defensa de la Verdad, quienes denuncian abusos contra sus familiares detenidos después de las elecciones de julio de 2024.

La organización reiteró su llamado a liberar a las 807 personas que, según Foro Penal, permanecen detenidas por motivos políticos en Venezuela.

El coordinador general de Provea, Oscar Murillo, calificó la excarcelación como “un alivio para sus familiares” y criticó las “arbitrariedades” del proceso judicial.

En el mismo sentido, el abogado Marino Alvarado consideró que el caso es un motivo para continuar la lucha por la libertad de todos los presos políticos, alertando sobre la normalización del abuso de poder.

El Observatorio Venezolano de Prisiones (OVP) señaló que la liberación de Grajales es una medida cautelar que mantiene vigente lo que consideran un juicio arbitrario, Advirtió que la activista sigue bajo vigilancia, con restricciones que limitan su libertad de expresión, movilidad y derecho a la protesta, y recordó que fue imputada sin acceso a un abogado de confianza.

Por su parte, el exgobernador opositor de Táchira, César Pérez Vivas, aseguró que Grajales “nunca debió ser detenida” y acusó al Gobierno de Nicolás Maduro de criminalizar a opositores mediante procesos judiciales fabricados.</texto><imagen_url>https://lacronicadehoy-lacronicadehoy-prod.web.arc-cdn.net/resizer/v2/2DCDGU42QVECBPAXHHJB7YCTTE.jpg?auth=259c38157a7e12deb199a7bda5fd30d135a534b8ac93fb3a6b3729232515c975&amp;width=1200</imagen_url></noticia><noticia><url>https://www.cronica.com.mx/mundo/2025/08/13/espana-intercepta-buque-con-3-toneladas-de-cocaina-cerca-de-canarias/</url><titulo>España intercepta buque con 3 toneladas de cocaína cerca de Canarias</titulo><autores>Por, Adolfo López</autores><texto>Buque Sky White, España (hacienda.gob.es)

La Guardia Civil y el Servicio de Vigilancia Aduanera de la Agencia Tributaria española interceptaron en aguas internacionales, al oeste de las islas Canarias, el buque tipo remolcador Sky White, que transportaba tres toneladas de cocaína. En la operación fueron detenidos cinco tripulantes, cuatro ciudadanos de Bangladesh y uno de Venezuela.

La droga, distribuida en 80 fardos ocultos dentro de la embarcación, fue hallada durante el abordaje. El buque presentaba graves deficiencias de seguridad, lo que representaba un riesgo para la propia tripulación, según informó la Guardia Civil.

La investigación, que se inició en el verano de 2024, identificó al Sky White como un medio utilizado para el tráfico internacional de estupefacientes a gran escala.

La operación fue posible gracias a la cooperación internacional entre autoridades de España, Francia, Marruecos, Reino Unido, Estados Unidos y Portugal, coordinadas por el CITCO y el MAOC-N.

El buque operaba desde el puerto de Dajla, en el Sahara Occidental, realizando viajes transatlánticos para transportar cocaína con destino a Europa. En ocasiones, servía como embarcación nodriza, transfiriendo la droga a barcos más pequeños en zonas próximas a Canarias o la Península Ibérica.</texto><imagen_url>https://lacronicadehoy-lacronicadehoy-prod.web.arc-cdn.net/resizer/v2/OZ3SVSYXGVD4TI4J7WTRJUNHC4.jpg?auth=73b9415d05e496840ad72e8eaba537eef0491afc72fa2da150de575a51fcb381&amp;width=1200</imagen_url></noticia><noticia><url>https://www.cronica.com.mx/mundo/2025/08/13/trump-buscara-extender-mas-de-30-dias-su-control-sobre-la-policia-de-washington/</url><titulo>Trump buscará extender más de 30 días su control sobre la Policía de Washington</titulo><autores>Por, Brayan Chaga</autores><texto>Ocupación federal en Washington

Donald Trump informó este miércoles que pretender extender el control federal sobre la policía de Washington D.C tras consideras que los 30 días estipulado inicialmente “no son suficientes” para combatir el crimen en la ciudad.

Trump dijo que enviará una propuesta al Capitolio para ampliar la vigencia del control sobre el Departamento de Policía Metropolitana (MPD) de la capital, que asumió este lunes por medio de una Declaración de Emergencia Nacional.

Durante una intervención en el Kennedy Center, el mandatario arremetió nuevamente contra los demócratas, acusándoles de “no hacer nada para frenar la delincuencia” en la ciudad y aseguró que la mayoría republicana en el Congreso aprobará la extensión sin ningún tipo de problemas.

El republicano indicó que ha colaborado con la alcaldesa de la ciudad, Muriel Bowser, en los últimos seis meses, sin embargo afirmó que las cifras oficiales de criminalidad “son peores que nunca” y acusó a las autoridades locales de manipular las estadísticas.

La decisión de federalizar las fuerzas del orden de la capital ha generado polémica entre los detractores de Trump y una gran parte de los residentes de la capital.

De acuerdo con datos de la Policía de Washington, los crímenes violentos han disminuido un 26 % durante los primeros seis meses del 2025 a comparación del mismo periodo del año anterior. De igual forma, los homicidios registran una caída del 12 %.

El presidente estadounidense agradeció al equipo que puso al frente de su estrategia para “limpiar” la ciudad, en especial a la fiscal general, Pam Bondi, e insistió que serán muy “transparentes”, tras lo que lanzó una invitación a los medios para que acompañen a los agentes durante sus operativos.

En las primeras 24 horas de la campaña impulsada por Trump, la Casa Blanca indicó que se realizaron 23 arrestos por diversos delitos. También informaron que 850 agentes federales se encuentran ejecutando operativos en diversas zonas de la ciudad.

El presidente amenazó nuevamente con tomar el control de las fuerzas policiales en otras ciudades con gobiernos locales demócratas como Chicago, Nueva York y Los Ángeles, las que menciona están “fuera de control”. (Con información de EFE)</texto><imagen_url>https://lacronicadehoy-lacronicadehoy-prod.web.arc-cdn.net/resizer/v2/EPOHLTUORRHILNJK5NML5I7PHQ.jpg?auth=29ad68064004a603087973837273b0e00610e9bac538286539eddfde4d8aba6c&amp;width=1200</imagen_url></noticia><noticia><url>https://www.cronica.com.mx/mundo/2025/08/13/naufragio-en-aguas-italianas-deja-20-migrantes-muertos-y-27-desaparecidos/</url><titulo>Naufragio en aguas italianas deja 20 migrantes muertos y 27 desaparecidos</titulo><autores>Por, Adolfo López</autores><texto>Naufragio en aguas italianas |Imagen de archivo| (EFE)

Al menos 20 migrantes perdieron la vida y otros 27 permanecen desaparecidos tras el naufragio de una embarcación este miércoles a unos 22 kilómetros al sur de la isla italiana de Lampedusa, informaron medios locales.

De acuerdo con el periodista especializado en migración Sergio Scandura, de Radio Radicale, las autoridades italianas ya han recuperado los cuerpos y continúan las labores de búsqueda de los desaparecidos.

La Agencia de la ONU para los Refugiados (ACNUR) en Italia lamentó la tragedia y recordó que, en lo que va de 2025, se contabilizan 675 muertes en la ruta del Mediterráneo central, reiterando el llamado a reforzar vías legales y seguras para la migración.

Según los primeros reportes, a bordo viajaban unas 100 personas. Un grupo de sobrevivientes fue desembarcado en Lampedusa, la isla italiana más próxima a las costas africanas.

El diario La Repubblica detalló que la embarcación había partido del norte de Libia días atrás y fue avistada a las 11:15 horas por un helicóptero de la Guardia di Finanza, que dio la alerta. En el operativo participaron patrulleras de la Guardia Costera, la Guardia di Finanza y Frontex, que hallaron el barco volcado con todos sus ocupantes en el mar. El balance provisional indica 20 muertos y alrededor de 60 rescatados.</texto><imagen_url>https://lacronicadehoy-lacronicadehoy-prod.web.arc-cdn.net/resizer/v2/M3V3RTPEW5BUJDXMD4JT3MYVJA.jpg?auth=d0089f866ec4547cd9566721ce32e3981a6cbc2e6df2e6a585245282bd88b5b4&amp;width=1200</imagen_url></noticia><noticia><url>https://www.cronica.com.mx/mundo/2025/08/13/trump-avisa-de-graves-consecuencias-si-putin-no-para-la-guerra-pero-no-cuenta-con-la-astucia-del-ruso/</url><titulo>Trump avisa de “graves consecuencias” si Putin no para la guerra... pero no cuenta con la astucia del ruso</titulo><autores>Por, Fran Ruiz Perea</autores><texto>Cumbre en Alaska Putin sabe de la debilidad que siente Trump por él (EFE)

El presidente de Estados Unidos, Donald Trump, volvió a amenazar una vez más a su homólogo ruso, si no para la guerra contra Ucrania y se sienta a negociar un acuerdo de paz justo con Ucrania. La advertencia, a dos días de la esperada cumbre en Alaska (a la que no fue invitado el presidente ucraniano Volodimir Zelenski), llega tras cumplirse el ultimátum de más aranceles contra Rusia, si no declaraba un alto el fuego la semana pasada… y acabó finalmente en nada.

“Sí, habrá consecuencias muy graves”, respondió al ser consultado por la prensa en Washington, aunque sin mucha convicción, ya que en anteriores ocasiones ha amenazado a Putin y lo único que ha conseguido fue que las tropas invasoras rusas incrementaran los bombardeos contra la población ucraniana, sin que el republicano hiciera efectiva ninguna de sus amenazas .

De hecho, Rusia es uno de los pocos países del mundo que no está sometido al chantaje arancelario de Trump y esto se debe, principalmente, a la mezcla de miedo y admiración que profesa el republicano al autócrata ruso y a su manera de tener a sus pies los legisladores (oficialistas y opositores), los jueces, los medios de comunicación, los militares e incluso los líderes religiosos. Nadie se rebela contra él… ni siquiera el presidente de EU, con el que se verá el viernes en una base militar en Anchorage (Alaska).

El republicano admitió que no puede convencer a Putin de que detenga los ataques contra la población civil ucraniana, pues ya lo ha intentado durante las conversaciones telefónicas que han mantenido, pero insistió en que quiere “poner fin a la guerra”.

Si sale bien invitará a Zelenski

Trump también afirmó que, si la cumbre con Putin transcurre de manera positiva, se celebrará casi de inmediato una reunión trilateral que incluirá también a Zelenski, quien ha insistido en que no puede ser excluido de las negociaciones de paz y este mismo miércoles recibió el espaldarazo de los líderes europeos, que advirtieron que ninguna paz justa puede firmarse sin la participación del país invadido.

“Si la primera sale bien, tendremos una segunda reunión rápida. Me gustaría hacerlo casi de inmediato. Será un encuentro entre el presidente Putin, el presidente Zelenski y yo”, declaró.

El republicano aseguró que esa segunda reunión, de producirse, sería más importante que la primera.

Asimismo, Trump calificó de “muy buena” la llamada que mantuvo este miércoles con Zelenski y con líderes europeos, previa a la cumbre con Putin. El mandatario se comprometió a volver a comunicarse con ellos después del encuentro del viernes.

Putin no se reúne con un líder estadounidense desde la cumbre celebrada con Joe Biden en junio de 2021 en Ginebra (Suiza) y la última vez que se vio las caras con Trump fue en junio de 2019 en Osaka (Japón), durante el primer mandato del republicano.</texto><imagen_url>https://lacronicadehoy-lacronicadehoy-prod.web.arc-cdn.net/resizer/v2/5QS73OZCLNGPLB7DZNOVTYT5EQ.jpg?auth=ac2f23fb379e82137bdd8a3bb025d069f28ec92d5d5983a1673a82fa71d6ad0e&amp;width=1200</imagen_url></noticia><noticia><url>https://www.cronica.com.mx/mundo/2025/08/13/francia-rescata-a-111-migrantes-que-intentaban-cruzar-el-canal-de-la-mancha/</url><titulo>Francia rescata a 111 migrantes que intentaban cruzar el canal de la Mancha</titulo><autores>Por, Adolfo López</autores><texto>Bote de migrantes |Imagen de archivo | (ResqShip)

Las autoridades marítimas francesas rescataron a 111 migrantes que intentaban llegar de forma clandestina a las costas de Inglaterra a través del canal de la Mancha.

La Prefectura Marítima de la Mancha y del Mar del Norte detalló que las operaciones se realizaron en distintos puntos y se suman a las más de 4,500 personas asistidas desde comienzos de año.

La primera intervención ocurrió al anochecer en la playa de Malo les Bains, donde una embarcación sobrecargada y con una avería en el motor fue localizada. En un primer momento, 52 personas fueron trasladadas al puerto de Calais, mientras que otros 39 migrantes, que inicialmente intentaron continuar su viaje, solicitaron ayuda más tarde y también fueron conducidos a puerto.

Por la mañana, se llevaron a cabo rescates en Veules les Roses, donde tres personas que habían caído al agua fueron desembarcadas en la playa de Hardelot, y otra más fue atendida en Boulogne sur Mer.

Ese mismo día, frente a la costa de Saint Cécile, se realizaron dos operaciones adicionales que permitieron salvar a 16 personas.

Según la Prefectura, en lo que va de 2025 se han registrado 16 muertes durante operaciones de rescate en el mar, cifra que no contempla fallecimientos en playas o zonas portuarias.

La ONG Utopia 56, que asiste a migrantes en situación irregular, eleva la cifra a 28 víctimas, incluyendo a una persona que murió la noche del lunes al martes en la playa de Dunkerque.

Las travesías por el canal de la Mancha han aumentado significativamente en los últimos años. En 2025, más de 25,000 migrantes han logrado llegar al Reino Unido por esta vía, lo que representa un incremento del 49 % respecto al mismo periodo del año pasado.</texto><imagen_url>https://lacronicadehoy-lacronicadehoy-prod.web.arc-cdn.net/resizer/v2/7CJZHM46LJC77FRI4F4TFAHJNU.jpg?auth=3a2d63b0df236a729193366e1741b0ddd54d9c610c1c59f0fc872e2f98d73001&amp;width=1200</imagen_url></noticia><noticia><url>https://www.cronica.com.mx/mundo/2025/08/13/el-gobierno-de-trump-confisca-mas-de-700-millones-en-bienes-a-maduro-y-lo-tacha-de-mafioso/</url><titulo>El gobierno de Trump confisca más de 700 millones en bienes a Maduro y lo tacha de mafioso</titulo><autores>Por, Fran Ruiz Perea</autores><texto>Lujos Nicolás Maduro en la cumbre de la Celac, celebrada en México en 2021, donde fue criticado por llevar un reloj de lujo y anillos de oro y esmeralda (X)

Donald Trump ha pasado de elogiar a Nicolás Maduro, de quien llegó a decir en privado que lo admiraba por ser un “líder fuerte” a considerarlo ahora un capo de la mafia, para justificar la incautación de sus bienes en Estados Unidos y señalar el origen de su fortuna, que considera criminal.

En una entrevista a Fox News, la fiscal general de EU, Pamelo Bondi, anunció que el gobierno de Trump ha confiscado más de 700 millones de dólares en activos del presidente de Venezuela, a quien reiteró la acusación de liderar el cártel de los Soles, declarado grupo terrorista en julio.

“Esto es crimen organizado, no es diferente a la mafia. Los activos superan los 700 millones de dólares que ya hemos confiscado, mientras su régimen de terror continúa”, afirmó Bondi, que el 7 de agosto anunció el aumento de 25 a 50 millones de dólares de la recompensa por información que conduzca al arresto de Maduro.

Bondi explicó en la entrevista que los activos confiscados a Maduro incluyen dos lujosos aviones, varias mansiones en Florida, una granja de caballos, nueve vehículos, millones de dólares en joyas y dinero en efectivo. También anunció la confiscación de mansiones en República Dominicana, sin aclarar si pasaron a ser propiedad del gobierno de Washington o de Santo Domingo.

¿Intervención militar?

La acusación que vinculaba a Maduro con el narcotráfico fue rechazada por el ministro de Interior y Justicia de Venezuela, Diosdado Cabello, quien aseguró que el Cartel de los Soles es un “invento” de Estados Unidos.

Este miércoles, la vicepresidenta de Venezuela, Delcy Rodríguez, pidió la unión de los países latinoamericanos ante lo que consideró como “amenazas directas de intervención militar” por parte de EU, después de que Trump defendiera enviar tropas contra los carteles de drogas de la región con el objetivo de proteger a su nación.

Por su parte, el canciller venezolano, Yván Gil, denunció que EU se “ampara en el supuesto derecho” de combatir el narcotráfico para “convertir” a Latinoamérica en un “nuevo escenario de guerra colonial”.

Por tanto, hizo un “llamado urgente” a la comunidad internacional para que “repudie estos actos terroristas propiciados por el Gobierno de Estados Unidos y sus aliados fascistas de la derecha venezolana”.

Estados Unidos reconoce como presidente electo de Venezuela al opositor Edmundo González Urrutia (con información de EFE).</texto><imagen_url>https://lacronicadehoy-lacronicadehoy-prod.web.arc-cdn.net/resizer/v2/FB5QZF5KQZGFXDTLG64UYJP3WM.jpg?auth=f517ec01c2d39d3f98942b13d63ba05c71d2b7e4a26083125770b15694cab8d6&amp;width=1200</imagen_url></noticia><noticia><url>https://www.cronica.com.mx/mundo/2025/08/13/sudan-del-sur-niega-negociaciones-con-israel-para-acoger-a-palestinos-de-gaza/</url><titulo>Sudán del Sur niega negociaciones con Israel para acoger a palestinos de Gaza</titulo><autores>Por, Adolfo López</autores><texto>Sudán del Sur

El Ministerio de Asuntos Exteriores de Sudán del Sur desmintió este miércoles las versiones publicadas por medios estadounidenses sobre supuestas conversaciones con Israel para reubicar en su territorio a palestinos procedentes de la Franja de Gaza.

En un comunicado oficial, la Cancillería sursudanesa aseguró que dichas informaciones “carecen de fundamento” y “no representan la postura ni la política oficial” del país africano.

El Gobierno instó a los medios de comunicación a verificar cualquier dato a través de canales oficiales antes de su publicación.

La prensa estadounidense, citando fuentes anónimas, informó recientemente que Israel evaluaba junto a Sudán del Sur la posibilidad de reasentar población gazatí en el país africano, como parte de un plan para desplazar a civiles fuera del enclave, devastado por la guerra, iniciativas similares, que han incluido a Egipto y Jordania como posibles destinos, han generado condenas internacionales y rechazo entre los propios palestinos, que las consideran expulsiones forzadas.

La desmentida coincidió con la visita oficial a Sudán del Sur de la viceministra israelí de Asuntos Exteriores, Sharren Haskel, la primera de un alto cargo israelí al país. Durante su estancia, Haskel se reunió con el presidente Salva Kiir y otros miembros del Ejecutivo.

En los últimos meses, Sudán del Sur ha buscado estrechar vínculos con Israel con el objetivo de mejorar su relación con Estados Unidos y lograr el levantamiento de sanciones contra dirigentes locales.</texto><imagen_url>https://lacronicadehoy-lacronicadehoy-prod.web.arc-cdn.net/resizer/v2/H4QR6VZSEBCA3DMANO7WR7OWXU.jpg?auth=79104a252e9bf52c63716e4a8f8aebe4043fdbfc4e0270995b68959c236e3920&amp;width=1200</imagen_url></noticia><noticia><url>https://www.cronica.com.mx/mundo/2025/08/13/trump-amenaza-a-putin-con-fuertes-consecuencias-si-no-para-la-guerra-contra-ucrania-tras-reunion-en-alaska/</url><titulo>Trump amenaza a Putin con “fuertes consecuencias” si no para la guerra contra Ucrania tras reunión en Alaska</titulo><autores>Por, Brayan Chaga</autores><texto>"Reunión por la paz"

Donald Trump amenazó este miércoles a Vladimir Putin diciendo que habrán “graves consecuencias” si no frena la guerra contra Ucrania tras la cyumbre que ambos mantendrán el viernes en Alaska.

“Sí, habrá consecuencias muy graves”, respondió al ser cuestionado por la prensa durante un evento en el Centro Kennedy, en Washington.

Los mandatarios se reunirán en una base militar en Anchorage (Alaska) tras varios meses en los que Trump ha expresado su frustración por la negativa de Putin a detener los bombardeos en Ucrania, y ha amenazado con imponer nuevas sanciones a Rusia, país que ya enfrenta fuertes restricciones impuestas por el Occidente.

Asimismo, admitió que no puede convencer a Putin de que detenga los ataques contra Kiev, pues ya lo ha intentado durante las conversaciones telefónicas que han mantenido, pero insistió en que quiere “poner fin a la guerra”.

También afirmó que, si la cumbre con Putin transcurre de manera positiva, se celebrará casi de inmediato una reunión trilateral con el presidente ucraniano, Volodímir Zelenski, quien ha insistido en que no puede ser excluido de las negociaciones de paz.

“Si la primera sale bien, tendremos una segunda reunión rápida. Me gustaría hacerlo casi de inmediato. Será un encuentro entre el presidente Putin, el presidente Zelenski y yo”, informó.

Además, aseguró que esa segunda reunión, de producirse, sería más importante que la primera.

Trump calificó de “muy buena” la llamada que mantuvo este miércoles con Zelenski y con líderes europeos, así como se comprometió a volver a comunicarse con ellos después del encuentro del viernes.

Putin no se reúne con un líder estadounidense desde la cumbre celebrada con Joe Biden en junio de 2021 en Ginebra (Suiza) y la última vez que se vio las caras con Trump fue en junio de 2019 en Osaka (Japón), durante su primer mandato. (Con información de EFE)</texto><imagen_url>https://lacronicadehoy-lacronicadehoy-prod.web.arc-cdn.net/resizer/v2/4S4PZ3WDOZD3JJPTW5ZYG4IKUE.jpeg?auth=4da5fbeba85a04c273ec3374d5c623b81f2cff0f9a67c5b22d727fc7e984cf33&amp;width=1200</imagen_url></noticia><noticia><url>https://www.cronica.com.mx/mundo/2025/08/14/trump-buscara-que-putin-acepte-un-alto-el-fuego-incondicional-en-ucrania/</url><titulo>Trump buscará que Putin acepte un alto el fuego incondicional en Ucrania</titulo><autores>Por, Eidalid López Pérez</autores><texto>Trump buscará que Putin acepte un alto el fuego incondicional en Ucrania

El presidente de Estados Unidos, Donald Trump, prevé presionar a su homólogo ruso, Vladímir Putin, para que acepte un alto el fuego incondicional en Ucrania durante la cumbre que ambos mantendrán este viernes en Anchorage, Alaska. Según medios estadounidenses, el mandatario ve este compromiso como un primer paso hacia negociaciones de paz más amplias.

Fuentes citadas por el New York Post señalaron que asesores de la Casa Blanca consideran que lograr este acuerdo previo sería un “éxito significativo” que facilitaría conversaciones con participación del presidente ucraniano, Volodímir Zelenski, y de líderes europeos. En una reunión previa con Zelenski y representantes de la UE, Trump habría dejado claro que su prioridad será obtener un cese inmediato de hostilidades.

El senador demócrata Richard Blumenthal afirmó que, si Trump logra un alto el fuego con garantías de seguridad y participación europea, podría consolidar un logro histórico: “Este es un momento que puede definir su legado”.

Trump advirtió a Putin sobre “muy serias consecuencias” si Rusia no acepta detener los combates, aunque dijo que su objetivo inicial es “escuchar al ruso” y abrir espacio para futuras negociaciones.

No obstante, las condiciones de Moscú podrían complicar cualquier avance. Según el New York Post, Putin exigiría que Washington y Kiev reconozcan a Donetsk y Lugansk como territorio ruso y que se congelen las líneas del frente actuales, lo que abarcaría zonas aún fuera del control ruso.

El Kremlin, por su parte, agradeció los “esfuerzos sinceros” de Trump y expresó disposición para discutir también un posible acuerdo sobre control de armas estratégicas nucleares. La cumbre en Alaska se perfila como un momento clave para medir la viabilidad de una tregua que ponga fin a más de dos años de guerra.</texto><imagen_url>https://lacronicadehoy-lacronicadehoy-prod.web.arc-cdn.net/resizer/v2/LCT6MU3I2NGOLBBNS6NMCAIBKU.jpg?auth=c501ab8b36b5447dd393d83fbea224a9aef0bdb8064a7912f2c5db82d99d45ba&amp;width=1200</imagen_url></noticia><noticia><url>https://www.cronica.com.mx/mundo/2025/08/14/la-union-africana-pide-mas-vacunas-y-produccion-local-para-combatir-la-epidemia-de-mpox/</url><titulo>La Unión Africana pide más vacunas y producción local para combatir la epidemia de mpox</titulo><autores>Por, Eidalid López Pérez</autores><texto>La Unión Africana pide más vacunas y producción local para combatir la epidemia de mpox

Un año después de declarar la epidemia de mpox antes conocida como viruela del mono como una emergencia de seguridad sanitaria continental, la Unión Africana (UA) urgió este jueves a reforzar la financiación, acelerar la vacunación y promover la producción local de inmunizantes para controlar el brote.

“Sabemos todos los retos a los que nos enfrentamos en cuanto a la disponibilidad de vacunas. Por eso tenemos en marcha varios estudios sobre dosis fraccionadas y estamos impulsando la agenda de fabricación local”, afirmó Jean Kaseya, director de los Centros para el Control y Prevención de Enfermedades de África (CDC de África), durante una rueda de prensa virtual.

Desde que se emitió la alerta sanitaria el 13 de agosto de 2024, se han movilizado 1.100 millones de dólares, de los cuales 979 millones ya fueron asignados. Sin embargo, persiste un déficit superior a 224 millones de dólares, destinado principalmente a financiar la vacunación, la logística y la vigilancia epidemiológica.

El continente africano dispone de más de seis millones de dosis, pero solo doce países han recibido suministros y desplegado campañas de inmunización, alcanzando hasta ahora a 886.000 personas con al menos una dosis. “Queremos ver más financiación procedente de los Estados miembros y una mayor alineación de nuestros socios”, insistió Kaseya.

El organismo recordó que las vacunas son “cruciales” pero no la única herramienta. Las medidas complementarias incluyen vigilancia epidemiológica, fortalecimiento de laboratorios y campañas de sensibilización.

La emergencia sanitaria se declaró ante un incremento significativo de casos y muertes, la transmisión sostenida sin precedentes y el riesgo de propagación a otros continentes. En 2024, cuando se hizo la declaración, había 13 países afectados y 17.541 casos, lo que representaba un aumento de casi 60 por ciento respecto a 2023.

En 2025, la cifra se elevó a 24 países afectados, con 97.144 casos sospechosos y 29.849 confirmados, así como 593 muertes asociadas a casos sospechosos. Desde inicios de 2024, el acumulado alcanza 177.565 casos sospechosos, 49.639 confirmados, 1.933 muertes y 242 confirmadas.

A pesar de la magnitud del brote, en los últimos seis meses se ha registrado un descenso de casos en los países epicentro, entre ellos la República Democrática del Congo (RDC), Burundi, Uganda y Sierra Leona, que concentran el 94 por ciento de los contagios. “Incluso en la RDC hay una disminución, aunque persisten retos como la inseguridad y la falta de fondos para transportar muestras”, señaló Kaseya.

El director del CDC africano destacó que, en la última semana, disminuyeron tanto los casos confirmados como las muertes a nivel continental. “Si esta tendencia se mantiene, podría abrirse la puerta a que, en su próxima reunión, los expertos recomienden levantar el estatus de emergencia de seguridad continental”, anticipó.

La mpox es una enfermedad infecciosa que provoca erupciones dolorosas, fiebre, inflamación de ganglios y fatiga. Aunque la mortalidad es baja, la propagación rápida en países con sistemas de salud frágiles mantiene la alerta encendida.</texto><imagen_url>https://lacronicadehoy-lacronicadehoy-prod.web.arc-cdn.net/resizer/v2/FTPHP2ESHJCCHLOTKVMQ3V2BXM.jpg?auth=3f6c09f605ddc319c703c408c3cf6e7f04b2163211a4a10ee31cec2aef1d3a47&amp;width=1200</imagen_url></noticia></noticias>