<?xml version='1.0' encoding='utf-8'?>
<noticias><noticia><url>https://www.cronica.com.mx/nacional/2025/08/13/se-reune-segob-con-lideres-evengelicos/</url><titulo>Se reúne Segob con líderes evengélicos</titulo><autores>Por, Iván Guevara Ramírez</autores><texto>La secretaria de Gobernación, Rosa Icela Rodríguez, anunció que mantuvo una reunión con los líderes de diferentes movimientos y denominaciones evangélicas en aras de la construcción y fomento a la cultura de paz en México.

En la reunión estuvieron presentes José Obed López, pastor de la Iglesia Nacional Presbiteriana de México y presidente del Presbiterio del Sur A.R.; representantes de la Cofraternidad Evangélica de México; titulares de la lglesia Adventista del Norte de México; y Constantino Varas de Valdes, de la Iglesia Bautista Comunidad de Gracia y amor; además de Clara Luz Flores, titular de la Unidad de Asuntos Religiosos, Prevención Social y Reconstrucción del Tejido Social.</texto><imagen_url>https://lacronicadehoy-lacronicadehoy-prod.web.arc-cdn.net/resizer/v2/45VPX74NTJCJPAHIIAN63356SA.jpg?auth=9f0799987adae77ff37d009acc12b58afdb6008d06767daeea56532b2ad9936c&amp;width=1200</imagen_url></noticia><noticia><url>https://www.cronica.com.mx/nacional/2025/08/13/olinia-mexico-acelera-independencia-tecnologica-con-semiconductores-y-autos-electricos-desde-puebla/</url><titulo>Olinia, México acelera independencia tecnológica con semiconductores y autos eléctricos desde Puebla</titulo><autores>Por, Gerardo González Acosta</autores><texto>En Puebla el talento académico e innovación industrial impulsan soberanía tecnológica de México, señala Roberto Capuano Tripp, del proyecto Olinia — El Instituto Politécnico Nacional (IPN) y el Tecnológico Nacional de México (TecNM), participaron en la presentación del proyecto de fabricación de dispositivos semiconductores por parte de Olinia, encabezado por la presidenta Claudia Sheinbaum Pardo.

Las acciones forman parte de la política de colaboración interinstitucional promovida por el secretario de Educación Pública (SEP), Mario Delgado Carrillo y el gobierno del estado de Puebla, a cargo de Alejandro Armenta.

El coordinador del proyecto, Roberto Capuano Tripp, informó que ya fue establecido el Centro de Diseño e Ingeniería en el Tecnológico de Puebla, espacio de innovación que ya está en funcionamiento y cuyo edificio se encuentra en construcción dentro del campus del mismo Tecnológico de Puebla.

Añadió que el gobierno de Puebla apoyó para que el proyecto de fabricación de dispositivos semiconductores suceda correctamente, pues impulsará la industria automotriz de la entidad y del país.

Por su parte Edmundo Gutiérrez Domínguez, coordinador nacional del Proyecto de Semiconductores y director general del Centro Público de la Secihti, reconoció el apoyo del estado de Puebla.

Dijo que la entidad entregó recursos económicos, todo el apoyo logístico en apoyo en infraestructura y los recursos humanos de alto nivel tecnológico.

Comentó que ya se tienen todas las condiciones para inaugurar la Unidad de diseño del Centro Nacional de Diseño de Semiconductores Kutsari en Cholula, Puebla.

“Hemos elegido Puebla por ser un polo académico generador de talento de alto nivel en diseño de dispositivos semiconductores”, señaló.

En su oportunidad el director del IPN, Arturo Reyes Sandoval, dijo que la sede principal del proyecto está en Puebla, aunque dos de las sedes operativas se ubican en la Ciudad de México, y son coordinadas directamente por el Politécnico, lo que permite una integración profunda y una supervisión que sea constante.

Explicó que para el desarrollo de los vehículos eléctricos Olinia, el IPN tiene a su cargo el diseño exterior e interior, el desarrollo de los sistemas embebidos, que consiste en el software para el control, comunicación, operación y monitoreo de las unidades.

También realiza un catálogo integral de infraestructura y equipos para la construcción y prueba de todos los componentes; desarrolla el cargador del vehículo y sistema de gestión integral de calidad para todos los procesos.

Reyes Sandoval dijo que a partir del 18 de agosto en el IPN será impartida la especialidad de vehículos híbridos y eléctricos.

“Para garantizar la viabilidad a largo plazo, algunos de los especialistas involucrados en Olinia han viajado a China y Taiwán con el objetivo de explorar el mercado de proveedores y también tejer alianzas estratégicas”, reveló.

El Instituto Politécnico Nacional también está a cargo del análisis de mercado y plan de negocios para mini vehículos eléctricos en México, con un avance del 90 por ciento; el documento permitirá dimensionar el tamaño y la localización del mercado.

Finalmente, dijo que Olinia es el resultado de la ingeniería y de la investigación, el análisis de datos y una colaboración entre las diversas instituciones que participan.

El director general del TecNM, Ramón Jiménez López, informó que 20 planteles de la institución participan activamente en este proyecto con el apoyo de 34 investigadores y científicos de alto nivel.

Comentó que los 34 investigadores del Tecnológico Nacional de México dejaron su lugar de residencia, algunos desde el norte, otros desde el sur del país, para concentrarse de tiempo completo en esta tarea de Estado, que es el proyecto Olinia

Jiménez López afirmó que el TecNM contribuye, a través de Olinia, a la independencia científica y tecnológica del país que promueve la Presidenta Claudia Sheinbaum Pardo.

Olinia, México acelera independencia tecnológica con semiconductores y autos eléctricos desde Puebla</texto><imagen_url>https://lacronicadehoy-lacronicadehoy-prod.web.arc-cdn.net/resizer/v2/5KMFNHFNIFFD3HLM3E5HJHXDCI.jpeg?auth=d347f101738583f1624a38b51b9d05b8331917d1d05a53ca97588eeaa81f447d&amp;width=1200</imagen_url></noticia><noticia><url>https://www.cronica.com.mx/nacional/2025/08/14/turismo-en-mexico-crece-138-y-atrae-mas-visitantes-mujeres-e-internacionales-en-2025/</url><titulo>Turismo en México crece 13.8% y atrae más visitantes mujeres e internacionales en 2025</titulo><autores>Por, Samantha Lamas</autores><texto>En el primer semestre de 2025, México alcanzó cifras récord en la llegada de visitantes y turistas internacionales, con un notable incremento en el arribo de mujeres extranjeras, informó Josefina Rodríguez, titular del área turística.

Entre enero y junio de este año, el país recibió 47.4 millones de visitantes, lo que representa un aumento del 13.8% en comparación con el mismo periodo de 2024. De ellos, 23.4 millones fueron turistas, cifra que refleja un crecimiento del 7.3%.

En términos económicos, el gasto de los visitantes internacionales ascendió a 18,681 millones de dólares, es decir, un incremento del 6.3% respecto al año anterior.

Uno de los datos más destacados fue la llegada de 5,695 mujeres extranjeras, lo que representa un aumento del 1.8%. Rodríguez subrayó que estos resultados son parte de la estrategia para impulsar un turismo más incluyente y seguro para todas las personas.

Además, el turismo en cruceros también mostró un comportamiento positivo, con 5.7 millones de pasajeros arribando a distintos puertos del país.

Fortalecimiento del turismo norteamericano y conectividad aérea

México y Estados Unidos mejoraron las condiciones de conectividad aérea, alcanzando 4.6 millones de asientos programados para vuelos en lo que va del año, un crecimiento del 5.5% respecto a 2024.

En cuanto a movimiento de pasajeros, el Aeropuerto Internacional de la Ciudad de México (AICM) lideró la lista, seguido por Cancún, Guadalajara, Monterrey, Tijuana, San José del Cabo, Puerto Vallarta, el Aeropuerto Internacional Felipe Ángeles (AIFA), Mérida y León.</texto><imagen_url>https://lacronicadehoy-lacronicadehoy-prod.web.arc-cdn.net/resizer/v2/ABWHPF6XNJFFNHVKLAG6KBTL6M.jpeg?auth=a7c0b33173386b0dbeb2d4ffee031a520af2b7fc294ec1288b29e97d9331da89&amp;width=1200</imagen_url></noticia><noticia><url>https://www.cronica.com.mx/deportes/2025/08/13/dallas-cowboys-el-equipo-mas-valioso-del-planeta/</url><titulo>Dallas Cowboys, el equipo más valioso del planeta</titulo><autores>Por, Francisco Ortiz Mendoza</autores><texto>EL FORJADOR DEL IMPERIO. Fundado en 1960, los Cowboys pertenecen al empresario Jerry Jones, quien adquirió la franquicia en 1989 por 140 millones de dólares.

Los Cowboys rompen récord y se consolidan en la cima

Los Dallas Cowboys se ratificaron este miércoles como la franquicia deportiva más cara del mundo, con una valuación de 12,800 millones de dólares, superando por 2,480 millones su cotización del año anterior. El equipo de la estrella solitaria lidera por sexto año consecutivo el listado elaborado por Sportico, portal especializado en negocios deportivos.

En 2024, los Cowboys se convirtieron en la primera franquicia en superar la barrera de los 10,000 millones de dólares. Este año, otras dos organizaciones se sumaron al exclusivo club: los Los Angeles Rams (10,430 millones) y los New York Giants (10,250 millones).

NFL: LA LIGA MÁS PODEROSA EN VALOR DE FRANQUICIAS

Según el informe de Sportico, el valor promedio de los 32 equipos de la NFL es de 7,100 millones de dólares, un 20 % más que el año pasado y más del doble que hace cuatro años. En el extremo opuesto del ranking se encuentran los Cincinnati Bengals, con una valuación de 5,500 millones.

Este crecimiento refleja el poder comercial de la NFL, que domina el mercado deportivo estadounidense y global, con ingresos multimillonarios por derechos televisivos, patrocinios y venta de mercancía.

JERRY JONES: EL ARQUITECTO DEL IMPERIO COWBOY

Fundado en 1960, los Cowboys pertenecen al empresario Jerry Jones, quien adquirió la franquicia en 1989 por 140 millones de dólares. Desde entonces, el valor del equipo ha aumentado más del 8,400 %, convirtiéndose en un ícono del deporte y los negocios.

Bajo su liderazgo, Dallas ganó tres Super Bowls en los años 90 (ediciones XXVII, XXVIII y XXX), sumando cinco títulos en total. Aunque no han vuelto a disputar una final de conferencia desde 1995, su popularidad se mantiene intacta.

LA HISTORIA DE LOS COWBOYS LLEGA A LA PANTALLA

Este 19 de agosto se estrenará la serie documental “America’s Team: The Gambler and His Cowboys”, que narra cómo Jerry Jones transformó a los Cowboys en una de las franquicias más influyentes del deporte mundial.</texto><imagen_url>https://lacronicadehoy-lacronicadehoy-prod.web.arc-cdn.net/resizer/v2/4N7CU4ZMUFCIHFTUQNJRRYZVRI.jpeg?auth=f533951685c303db366bd732af250f3c2b5bfdeaa77ae6335d1c9b9991287e44&amp;width=1200</imagen_url></noticia><noticia><url>https://www.cronica.com.mx/nacional/2025/08/14/ine-pone-limite-de-vigencia-a-sus-intercambios-de-practicas-democraticas-hasta-2028/</url><titulo>INE pone límite de vigencia a sus intercambios de prácticas democráticas hasta 2028</titulo><autores>Por, Redacción Crónica</autores><texto>CDMX — El Instituto Nacional Electoral (INE) y el Instituto Internacional para la Democracia y la Asistencia Electoral (IDEA Internacional) firmaron un Memorando de entendimiento vigente hasta 2028, con el objetivo de impulsar y llevar a cabo acciones de intercambio, cooperación y asistencia técnica sobre temas relacionados con la democracia, especialmente la administración electoral, a nivel nacional, regional e internacional.

La consejera presidenta del INE, Guadalupe Taddei Zavala, aseguró que este documento fortalecerá los trabajos del instituto desde su interior y las relaciones con diferentes instancias, con el fin de generar mejores prácticas en materia de administración de los procedimientos electorales.

Este memorando se suscribe el marco del próximo debate para reformar la constitución con el fin de cambiar las reglas de los procesos electorales que involucran a partidos políticos y organismos encargados de planear comicios. Un nuevo esquema legal tras la gigante elección en México en 2027.

Taddei Zavala dijo que el denominador de ambas instituciones, INE e IDEA Internacional, es “el fortalecimiento de los conocimientos de las autoridades electorales”.

La funcionaria del órgano autónomo también destacó que la IA tiene que ser vista con ética y con un uso responsable en el ámbito electoral, esto luego de inaugurar los trabajos del taller internacional de Inteligencia Artificial (IA) y Gestión Electoral, impartido por IDEA Internacional

“Estamos frente a la posibilidad de que la Inteligencia Artificial en vez de que sea un peligro para la democracia, se convierta en un aliado para nuestros trabajos”, enfatizó Guadalupe Taddei.

Para Marcela Ríos Tobar, directora para América Latina y el Caribe de IDEA Internacional, México ha sido y sigue siendo un referente en América Latina y ha estado a la vanguardia en materia de innovación electoral, de participación ciudadana y, más recientemente, de igualdad de género.

“Desde IDEA Internacional valoramos profundamente la colaboración con el Instituto, una institución que ha demostrado liderazgo, profesionalización y una firme vocación de servicio”, enfatizó.

Marcela Ríos explicó que la renovación de este acuerdo permite mirar hacia el futuro con entusiasmo y continuar reforzando los temas tradicionales de la organización de las elecciones, pero también poner un foco en nuevos temas como la desinformación, prevención de la Violencia Política contra las Mujeres en Razón de Género, capacitaciones en materia de Inteligencia Artificial y elecciones, entre otros, dijo ante las consejeras Dania Ravel Cuevas, Norma De La Cruz Magaña; Rita Bell López Vences y Carla Humphrey Jordan.

También estuvieron presentes el consejero Martín Faz Mora, la coordinadora de Asuntos Internacionales, Marisa Arlene Cabral Porchas, la secretaria ejecutiva del INE, Claudia Arlett Espino y el Titular del Órgano Interno de Control (OIC), Víctor Hugo Carvente Contreras, así como las y los integrantes de la Junta General Ejecutiva.</texto><imagen_url>https://lacronicadehoy-lacronicadehoy-prod.web.arc-cdn.net/resizer/v2/2DRQXADUABCA5M6DSLK66AJ5QY.jpeg?auth=a7e148041cef017bbf23cd366e61c7bed62df260d648693cdc2cc6d885beefcf&amp;width=1200</imagen_url></noticia><noticia><url>https://www.cronica.com.mx/nacional/2025/08/13/pese-a-calumnias-para-reforma-judicial-vocacion-y-dignidad-quedan-intactas-se-despiden-ministros/</url><titulo>Pese a calumnias para reforma judicial, “vocación y dignidad quedan intactas”; se despiden cuatro ministros</titulo><autores>Por, Eloísa Domínguez</autores><texto>A menos de un mes de la entrada en funciones de una nueva Suprema Corte de Justicia de la Nación (SCJN), tras las elecciones del pasado 1 de junio, los ministros que hasta este miércoles conformaban la primera de dos salas del máximo tribunal del país clausuraron sus labores. Jorge Mario Pardo Rebolledo pronunció un discurso en el que expresó que a pesar de infundios y calumnias para concretar una reforma constitucional que dio paso a un vuelco al Poder Judicial la vocación y la dignidad quedan intactos.

Pardo Rebolledo, con 15 años en la Corte, externó su agradecimiento a todo el personal de apoyo y de las ponencias por la disposición para generar el trabajo propicio con el fin de emitir mejores sentencias.

“Me despido diciendo que, a pesar de los infundios y las calumnias, nos retiramos, algunos de nosotros, con la dignidad y la vocación intactas”, dijo, y los aplausos se desbordaron en la Primera Sala.

El ministro Juan Luis González Alcántara Carrancá, quien llegó al pleno de la SCJN por nominación del expresidente Andrés Manuel López Obrador, autor de la reforma al Poder Judicial, evocó al cantante argentino Gustavo Cerati, y expresó: ‘Gracias totales’, título de una canción con la que el artista sudamericano cerró el ciclo de su banda Soda Stereo.

“Durante muchos años la maquinaria funcionó. Funcionó con el trabajo invisible y visible de cada una de las personas que colaboró en esta institución y que laboraron en este recinto. Quedarán, y espero que perduren, los ecos de las jurisprudencias de las que aquí emanaron. Vestigios de los primeros esfuerzos por consolidar en nuestro país, exitosamente, la defensa de los derechos humanos. En esto, parafraseando a Cerati, sólo me resta decir gracias totales a todos ustedes”.

El ministro Juan Luis González Alcántara Carrancá, quien llegó al pleno de la SCJN por nominación del expresidente Andrés Manuel López Obrador, autor de la reforma al Poder Judicial, evocó al cantante argentino Gustavo Cerati, y expresó: ‘Gracias totales’, título de una canción con la que el artista sudamericano cerró el ciclo de su banda Soda Stereo.

“Durante muchos años la maquinaria funcionó. Funcionó con el trabajo invisible y visible de cada una de las personas que colaboró en esta institución y que laboraron en este recinto. Quedarán, y espero que perduren, los ecos de las jurisprudencias de las que aquí emanaron. Vestigios de los primeros esfuerzos por consolidar en nuestro país, exitosamente, la defensa de los derechos humanos. En esto, parafraseando a Cerati, sólo me resta decir gracias totales a todos ustedes”.

Ana Margarita Ríos Farjat, quien también llegó al cargo de ministra por nominación de AMLO, destacó que el trabajo de la Primera Sala tiene saldos históricos en la construcción de una mejor justicia para México.

“En lo personal, agradezco los desafíos que siempre nos hacen descubrir mayor temple que podemos seguir poniendo a las mejores causas, siempre habrá muy buenas causas a las cuales dedicarnos, pero, sobre todo, me llevo la alegría de haber coincidido con cientos de personas comprometidas en alcanzar un mejor porvenir para nuestro país. Estoy convencida de que todas las personas en México aspiramos a lo mismo, y eso nos hermanará siempre. Ojalá algún día todos nos diéramos cuenta. Lamento profundamente la desaparición de la Primera Sala, que lleva décadas siendo histórica, pero confío en que su legado perdurará por siempre y siempre a la más alta protección de los derechos humanos”, expresó.

Por último, Alfredo Gutiérrez Ortiz Mena, otro de los ministros apartados de la reforma judicial, refrendó los discursos de sus antecesores en la palabra, y externó su agradecimiento en un discurso escueto.

“La verdad, primero quiero refrendar todo lo ya dicho por mi compañera y mis compañeros. Me uno a los agradecimientos y sólo me resta decir que verdaderamente para mí ha sido un privilegio”, dijp.

La ministra presidenta de la Primera Sala, Loretta Ortiz, emitió el último mensaje de clausura.

“Se concluye un ciclo, pero reafirmamos un legado. Las distintas integraciones de esta Sala demostraron que el pluralismo enriquece la jurisprudencia y que la innovación jurídica, con rigor y creatividad, es capaz de resolver los problemas más complejos. Sobre todo, aprendimos que el derecho debe tener un rostro humano centrado en las personas, especialmente en quienes enfrentan situaciones de vulnerabilidad y desigualdad. Presidir esta Sala, en su último tramo institucional ha sido uno de mis mayores privilegios en mi trayectoria. Las sentencias que aquí se dictaron son avances firmes y aunque todavía insuficientes hacia la construcción de una justicia que no excluya, cada fallo reafirmó que juzgar con perspectiva de género, diversidad sexual, infancia, enfoque intercultural, no es deferencia, sino un deber constitucional”.</texto><imagen_url>https://lacronicadehoy-lacronicadehoy-prod.web.arc-cdn.net/resizer/v2/6VUQNTNRDFA6PNFWEGO54L7DCM.jpg?auth=ab175d998805040b5d71dbdc1b38c2145d1648f67875fab6fea528dfd3a61c1a&amp;width=1200</imagen_url></noticia><noticia><url>https://www.cronica.com.mx/tendencias/2025/08/13/el-verdadero-costo-de-la-felicidad-digital/</url><titulo>El verdadero costo de la felicidad digital</titulo><autores>Por, Crónica Digital</autores><texto>Redes sociales La búsqueda de la felicidad digital puede costar más que dinero (Diego Severiano)

En la penumbra de su habitación, Sofía, de 17 años, ajusta por décima vez el brillo y el contraste de su última selfie. Ha pasado casi media hora frente a la pantalla, deslizándose entre filtros que afinan su nariz, aclaran su piel y diluyen cualquier rastro de fatiga. Cuando por fin pulsa “publicar” en Instagram, la espera comienza. Cada corazón que aparece en la esquina de la foto es un pequeño alivio, cada minuto sin notificaciones, una inquietud creciente.

Esa escena se repite millones de veces al día en México, un país donde 9 de cada 10 jóvenes tienen un teléfono móvil y 35.3 millones de personas de entre 12 y 29 años usan internet, según la Encuesta Nacional sobre Disponibilidad y Uso de Tecnologías de la Información en los Hogares.

Lo que alguna vez fue una ventana de comunicación y descubrimiento se ha convertido en un espejo que refleja —y a menudo distorsiona— la autoestima, las relaciones y hasta la economía personal.

Filtros en redes sociales, autoestima y una realidad retocada

El uso de filtros en redes sociales se convirtió en un capítulo aparte del costo emocional y económico de la felicidad digital. Las aplicaciones que ofrecen retoques faciales y corporales —gratuitas en apariencia— esconden detrás modelos de suscripción que pueden costar hasta 250 pesos mensuales. Sin embargo, el verdadero precio se paga en la percepción personal.

El uso habitual de filtros aumenta la insatisfacción corporal y fortalece la comparación constante con estándares inalcanzables. Jennifer Lira Mandujano, investigadora de la UNAM, advierte que esta dinámica no solo moldea la autoimagen, también refuerza la adicción a las redes.

“Los algoritmos reconocen nuestras preferencias y nos mantienen atrapados. Cada publicación retocada que recibe aprobación funciona como un refuerzo emocional, igual que sucede con sustancias adictivas como el alcohol o el tabaco”, indicó.

La adicción que no apaga la pantalla

En México, los jóvenes pasan hasta seis horas diarias frente a redes y plataformas. TikTok encabeza la lista con 45 horas de uso mensual, seguido por Facebook, YouTube, WhatsApp e Instagram.

Lo que parece entretenimiento inofensivo tiene efectos medibles. Uno de cada cinco adolescentes reporta insatisfacción corporal vinculada al uso de redes, y se detecta un aumento en casos de ansiedad, insomnio y aislamiento social.

Adicción en pantalla El verdadero costo de la felicidad digital (Diego Severiano)

La comparación constante con vidas idealizadas erosiona la autoestima y fomenta una dependencia emocional que, de acuerdo con especialistas, puede requerir intervención psicológica o psiquiátrica, marcando un alto costo emocional y en ciertos casos económico.

“Aplazamos responsabilidades para quedarnos más tiempo conectados, incluso sabiendo que tenemos trabajo, escuela o familia que atender”, explica Lira Mandujano.

La economía emocional de los clics

Mantenerse presente en el radar digital no es gratuito, se invierte en el mejor teléfono para captar “los mejores momentos” y pulirlos para salir de la realidad.

Un análisis de Bango muestra que el mexicano promedio gasta más de nueve mil pesos al año en servicios digitales: plataformas de streaming, aplicaciones premium y planes de datos que aseguran estar siempre conectados.

Felicidad digital: entre el FOMO y el JOMO

El FOMO (miedo a perderse algo) sigue alimentando la necesidad de revisar notificaciones cada pocos minutos. En un país donde la visibilidad en línea puede significar oportunidades laborales, desconectarse es una decisión personal y también un riesgo económico.

Frente a ello, crece lentamente la tendencia JOMO (alegría de perderse algo), que celebra la desconexión voluntaria y la recuperación de tiempo para la creatividad, la introspección y las relaciones presenciales.

Para algunos, como Mariana, fotógrafa, ese equilibrio parece inalcanzable: “Mi trabajo depende de estar en línea, pero a veces siento que vivo más para publicar que para mirar”.

En el fondo, la felicidad digital es una obra de teatro incesante donde gran parte de la comunidad digital actúa para una audiencia invisible. Cada filtro es un vestuario, cada publicación un acto medido para arrancar aplausos en forma de corazones y comentarios. Pero como en toda función, el telón cae y la pantalla se apaga, la habitación recupera su silencio y lo que queda es un costo más allá de lo económico, trasciende a la afectación de la salud mental.</texto><imagen_url>https://lacronicadehoy-lacronicadehoy-prod.web.arc-cdn.net/resizer/v2/QYQ7CUEWLJE4LBGVJY6P7MYOGA.jpg?auth=cbd1a163ef6b9ff0394734995072c78406809bcaa556a1f837add7ae91e7e376&amp;width=1200</imagen_url></noticia><noticia><url>https://www.cronica.com.mx/tendencias/2025/08/13/la-perseverancia-de-la-fotografia-por-no-quedarse-estancada/</url><titulo>La perseverancia de la fotografía por no quedarse estancada</titulo><autores>Por, Aura Mejia</autores><texto>Arriflex 35mm Arriflex 35mm (1936)

ROLLO DE PELÍCULA

Existe cierto encanto en la no inmediatez, en ser parte de quienes esperan la campanada que marca el fin de un ciclo. En este caso, vamos a hablar de la paciencia asociada al proceso de una foto análoga. Esta experiencia, al igual que otras que no son ‘automáticas’, ha perdido público, ocasionando que quienes no muestran interés, se pierdan de un proceso cautivador que comienza cuando se carga correctamente el carrete (el rollo) en la cámara. A partir de ese momento, cualquier paso mal dado puede hacer que el resultado no sea el se había visualizado al hacer la fotografía.

Sucede que, para tomar fotos con un rollo de 35 mm, se necesita tener conocimientos que no tienen equivalentes en el uso de las cámaras digitales. Saber acerca de la cantidad de luz que entra, la cual se ve afectada por el diafragma, la profundidad de campo y las condiciones ambientales de la luz; todo esto sirven para darse una idea de cómo se verán las imágenes después (y sólo después) de ser reveladas. Y sí, hay una puerta más que no está presente en lo automático y digital: el revelado de una foto análoga no se puede apresurar, en el laboratorio se debe de retirar el celuloide (tira flexible y transparente recubierta de una emulsión sensible a la luz que permite capturar imágenes) en un espacio oscuro para que no se estropee. Se añaden químicos (revelador, fijador, etc) que deben quedar bien esparcidos; se puede alterar la distribución de los químicos si se tiene la intención de que no todos los fotográmas se aprecien por igual, pero eso ya forma parte de la propuesta individual.

LO DIGITAL (O LOS DIGITALES)

Los términos grabar y filmar suelen ser utilizados como sinónimos, empero originalmente el último hacía únicamente referencia al uso del celuloide. Uno de los cambios más notorios que llega con el avance de la tecnología es la reducción de pasos a seguir para la obtención de un resultado. Por consecuencia las cámaras digitales sobresalen en la eficacia de una respuesta rápida. Gracias a su memoria interna, se hace posible que las imágenes sean apreciadas al segundo.

En cuanto al resultado final, el grano, también llamado ruido digital, ocasionado por una baja calidad del sensor en la cámara puede dar vida a las fotos al contener “imperfecciones”. Sin embargo, querer una imagen limpia es válido y posible gracias a las cámaras digitales más modernas. Una de las excepciones son las handycam, las cuales por motivos de su resolución y formato de menor calidad aportan una imagen nostálgica.

El Technicolor es una tecnología que dejó de ser ampliamente utilizada a inicio de los años 2000, pero que sigue otorgando a cineastas la posibilidad de usar una paleta de color con tonos brillantes y saturados. Este sistema funciona a partir de filmar una misma escena tres veces con filtros de colores, los cuales luego se combinaban para la creación de una imagen a todo color.

Antes del Technicolor, las películas a color solían ser pintadas cuadro por cuadro con un tinte a base agua, hasta que el 26 de noviembre de 1922 el mundo vio por primera vez la evolución del pigmento en el estreno de “The Toll of the Sea”,dirigida por Chester Franklin.

A finales del XX, cuando el celuloide fue remplazado por formatos digitales, la graduación de color cambio para siempre.

La cámara super ocho salió al mercado en el año 1965 con una intención de venta parecida a la que los artefactos digitales tienen en el presente: que cualquier persona fuera capaz de hacer películas caseras gracias a su fácil uso y el precio que en su momento era bastante accesible.

Eastman Kodak, compañía encargada de la super ocho, fundada en 1888 se dedicó a la producción y comercialización de equipos fotográficos. Los líderes de Kodak se negaron a invertir en nuevos avances tecnológicos y en 2012 se declararon en bancarrota al no poder seguir el ritmo del mercado. Después de intentar mantenerse a flote, el nombre Kodak pasó a representar empresas de ventas de aparatos digitales y accesorios de teléfonos inteligentes.

Curiosamente el autor del primer prototipo de la cámara digital fue un empleado de Kodak. En 1975 Steven Sasson (ingeniero eléctrico e inventor) armó un aparato que solo podía tomar 2 fotos en blanco y negro por minuto, tenía una bajísima resolución y pesaba mucho aún sin incluir las baterías un aproximado de cuatro kilos.

La construcción se logró a base de entre otros artefactos: una grabadora de datos digitales en casete, una generosa cantidad de piezas de una cámara súper ocho y 16 baterías que utilizan electrodo níquel y cadmio, dándole la corriente que necesitaba el invento para funcionar.

¿EXTINCIÓN?

Paralelamente a lo anterior, el precio es un factor importante al cotejar lo digital y lo análogo.

Comprar un nuevo rollo de película cada vez que se acaba el anterior representa costos adicionales a la compra del equipo en sí. A raíz de la disminución de la demanda de fotos análogas, los precios de los insumos se han elevado. Sin demérito de lo dicho hasta aquí, en el presente las dos posibilidades, digital y analóga, están disponibles para una foto fija y para una filmación.

Hablar de que solo una de estas opciones continuará existiendo es erróneo, el propio mercado da cabida a ambos mundos aún cuando uno de ellos acapare a las grandes masas. Toda vez que siempre existirán diferentes formas de acercamiento a una cámara, para filmar o para fotografiar, difícilmente se evaporará totalmente lo análoso como consecuencia de la evolución tecnológica. Eso es parte de la riqueza que tiene el mundo de la fotografía, sea profesional o de aficionados.</texto><imagen_url>https://lacronicadehoy-lacronicadehoy-prod.web.arc-cdn.net/resizer/v2/SON5JKQMPJB7BNUMHXJWAXQC6Y.jpg?auth=9ed675a1637683d12901f7f4d8062addfcf27666f3b121361cab4ec725d7e1f1&amp;width=1200</imagen_url></noticia><noticia><url>https://www.cronica.com.mx/deportes/2025/08/13/mexico-deslumbra-en-gimnasia-ritmica-con-oro-y-plata-en-asuncion-2025/</url><titulo>México deslumbra en gimnasia rítmica con oro y plata en Asunción 2025</titulo><autores>Por, Francisco Ortiz Mendoza</autores><texto>GRANDEZA. Conjunto mexicano conquista el podio en pruebas grupales.

La selección nacional de gimnasia rítmica tuvo un cierre espectacular este miércoles en los Juegos Panamericanos Junior Asunción 2025, al conquistar medalla de oro en 5 pares de mazas y plata en 5 aros. El equipo conformado por Jaydi Novelo, Ana Carolina Martínez, Bárbara Ponce, Fernanda Ramírez y Martha Coldwell, dirigido por la entrenadora Citlaly Quintá, brilló en el Centro Olímpico Paraguayo.

En la rutina de mazas, las mexicanas se impusieron con autoridad al sumar 23.650 puntos, superando a Estados Unidos (23.000) y Brasil (22.800). Más tarde, en la final de aros, lograron 23.750 unidades, quedando en segundo lugar detrás de Brasil (24.550), mientras que Estados Unidos se llevó el bronce con 23.250.

ANA LUISA ABRAHAM DEBUTA CON ORO

La joven yucateca Ana Luisa Abraham, de apenas 14 años, debutó en el torneo con una actuación memorable al ganar oro en la rutina de pelota, con una puntuación de 24.000, superando a la estadounidense Natalie de la Rosa (23.750) y a la brasileña Sarah Ferreira (23.450).

Abraham también disputó las finales de mazas, listón y aro, donde terminó en cuarto lugar en cada una, quedando muy cerca de ampliar su cosecha. Su desempeño la perfila como una de las grandes promesas de la gimnasia rítmica mexicana.

MARIJOSE DELGADO SUMA BRONCE

La también seleccionada Marijose Delgado logró medalla de bronce en aro con 23.950 puntos. En las demás pruebas individuales —pelota, mazas y listón— alcanzó posiciones destacadas, incluyendo un séptimo lugar y dos sextos.

Con estas actuaciones, la gimnasia rítmica mexicana cerró su participación en Asunción 2025 con cinco medallas: dos oros, dos platas y un bronce, consolidando su presencia en el medallero y dejando huella en el escenario continental juvenil.</texto><imagen_url>https://lacronicadehoy-lacronicadehoy-prod.web.arc-cdn.net/resizer/v2/LXNGLAWFQJGI5GHQDI72L4PHFA.png?auth=9bddbb7b2c8d1b4127e0edea83cec82be3de63291dc342976e2780ffb7c9798d&amp;width=1200</imagen_url></noticia><noticia><url>https://www.cronica.com.mx/tendencias/2025/08/14/conejos-con-tentaculos-hallados-en-colorado-la-verdad-sobre-el-virus-del-papiloma-de-shope/</url><titulo>Conejos con tentáculos hallados en Colorado: la verdad sobre el virus del papiloma de Shope</titulo><autores>Por, Fernando Huacuz</autores><texto>Conejos con tentáculos hallados en Colorado Especial

Una escena digna de una película de terror ha asombrado a los residentes locales: conejos salvajes que lucen protuberancias negras alrededor del rostro, algunas pareciendo tentáculos o cuernos grotescos. A pesar del impacto visual, no hay motivo para alarmarse excesivamente, pues la explicación médica está clara.

El fenómeno se viralizó rápidamente. En redes sociales, los conejos fueron apodados “zombies”, “aliens” o “Frankenstein bunnies”, generando reacciones mixtas que oscilaron entre humor, inquietud y reflexión sobre los límites entre ficción y biología. Sin embargo, esta es la verdadera causa detrás de los conejos con tentáculos.

Conejos con tentáculos hallados en Colorado Especial

¿Qué causa estas formaciones inusuales en los conejos?

El origen del fenómeno es el virus del papiloma de Shope (también llamado cottontail rabbit papillomavirus o SPV), un tipo de papillomavirus que afecta principalmente a conejos cola de algodón. Este virus provoca el desarrollo de verrugas tipo queratinizadas — formaciones de queratina — en distintas partes del cuerpo, sobre todo en la cabeza, cuello y rostro. A veces estas verrugas se alargan y adquieren una apariencia tan extraña que evocan tentáculos o astas.

¿Representa peligro para personas o mascotas?

De acuerdo con las autoridades de Colorado Parks and Wildlife (CPW), el virus es específico de los conejos: no representa riesgo ni para humanos ni para otras especies como perros y gatos.

Sin embargo, las recomendaciones para los seres humanos ante este padecimiento es evitar acercarte o manipular a los animales afectados, según advierten los especialistas y CPW, para prevenir la propagación entre conejos — aunque no hay peligro para humanos.

Asimismo, los expertos señalan que en conejos domésticos, la infección puede ser más grave y podría requerir atención veterinaria, pues las verrugas podrían afectar su alimentación o convertirse en cáncer.

¿Qué se sabe del virus de Shope?

El virus no es nuevo: fue identificado por primera vez en la década de 1930 por el Dr. Richard E. Shope, quien lo describió en conejos salvajes con protuberancias en varias partes del cuerpo. Ese descubrimiento fue clave para avanzar en la investigación sobre virus oncogénicos, incluido el papiloma humano, responsable de ciertos cánceres.

Además, algunos estudiosos coinciden en que este tipo de crecimientos pudo haber inspirado leyendas populares como la del “jackalope”: un conejo mítico con astas, muy famoso en la tradición folclórica norteamericana.</texto><imagen_url>https://lacronicadehoy-lacronicadehoy-prod.web.arc-cdn.net/resizer/v2/4QSSS33RAJFGJJ7QHSMRLVMIT4.webp?auth=ff8fdd79881eb16b45661624c7032972770f0d0fe862de2d97deffe147dbc84d&amp;width=1200</imagen_url></noticia><noticia><url>https://www.cronica.com.mx/nacional/2025/08/14/tratamiento-innovador-para-leucemia-linfoblastica-aguda-en-ninos-y-adultos/</url><titulo>Tratamiento innovador para leucemia linfoblástica aguda en niños y adultos</titulo><autores>Por, Cecilia Higuera Albarrán</autores><texto>Leucemia linfoblástica aguda La leucemia linfoblástica aguda (LLA) es un tipo de cáncer de la sangre que se inicia en los glóbulos blancos -llamados linfocitos-, en la médula ósea lo que impide que las células sanas de la sangre puedan crearse (La Crónica de Hoy)

La leucemia linfoblástica aguda (LLA) es un tipo de cáncer de la sangre que se inicia en los glóbulos blancos -llamados linfocitos-, en la médula ósea lo que impide que las células sanas de la sangre puedan crearse, la cual es más frecuente se presente en la infancia, aunque también puede afectar a adultos mayores de 50 años.

Este tipo de cáncer en la sangre se desarrolla cuando las células madre sanguíneas en la médula ósea se convierten en linfoblastos anormales en lugar de glóbulos blancos maduros, los cuales al no funcionar de manera correcta pueden desplazar a las células sanguíneas sanas, lo que ocasiona una disminución en los niveles de glóbulos rojos, glóbulos blancos y plaquetas.

Cuando los pacientes presentan esta condición, presentan síntomas como infecciones recurrentes o agudas, palidez y cansancio, anemia, sangrado frecuente de nariz o encías, y moretones.

En este sentido, Max Saráchaga, director médico de Amgen México subrayó que debido a que esta enfermedad cursa con rapidez, el diagnóstico oportuno y el inicio de tratamiento son determinantes para mejorar el pronóstico.

Al respecto, en el marco de la XII Cumbre de Excelencia Médica Amgen (CEMA), se destacó que recientemente la Comisión Federal para la Protección contra Riesgos Sanitarios (Cofepris) aprobó como tratamiento en primera línea al anticuerpo biespecífico de células T (BiTE) para el tratamiento de pacientes adultos y pediátricos de un mes o más de edad con leucemia linfoblástica aguda.

Esta terapia actúa como un puente entre las células T (un tipo de glóbulo blanco capaz de matar a otras células percibidas como amenazas) y las células cancerosas, lo que permite una respuesta inmune más efectiva contra las células de la leucemia.

La aprobación de este nuevo medicamento cobra mayor relevancia si se toma en cuenta que cada año se suman nuevos diagnósticos de este padecimiento, con mayor prevalencia en menores de 19 años, de los cuales, 3 de cada 4 son diagnosticados como LLA, que es más común en los primeros años de vida, afectando a niños de entre 2 y 5 años, aunque se trata de una enfermedad que tiende a aumentar su incidencia en personas mayores de 50 años.

Con base en las guías mexicanas de mieloma múltiple, esta enfermedad corresponde al 4-8 % de los padecimientos hematoncológicos en el país, con estimaciones de que hay aproximadamente 5,000 personas viviendo con mieloma múltiple, y se diagnostican unos 2,500 casos nuevos cada año.

En este sentido, especialistas médicos enfatizaron que en la actualidad, gracias a las terapias basadas en anticuerpos monoclonales biespecíficos de células T, la supervivencia de los pacientes con esta enfermedad se ha incrementado significativamente.

Esto ha permitido que en nuestro país la leucemia linfoblástica aguda (LLA) alcance una sobre vida del 70% a 5 años, lo que implica que la mayoría de los casos pueden ser curables si se detecta de forma temprana.

Se resaltó que los resultados del estudio demostraron que el anticuerpo BiTE® añadido a la quimioterapia de consolidación multifase mostró una tasa de supervivencia superior a la quimioterapia sola.

Max Saráchaga, director médico de Amgen México enfatizó que esta es la primera inmunoterapia aprobada en primera línea para el tratamiento de la leucemia aguda linfoblástica, que representa un gran paso para las personas que la padecen, ya que les ofrece la oportunidad de recibir el anticuerpo en una fase más

temprana, con menos recaídas, un mejor pronóstico y mejores resultados.

Sostuvo que este tipo de avances impulsan a continuar trabajando para mejorar la calidad de vida de los niños y adultos que padecen leucemia linfoblástica aguda.

Durante CEMA Hematología 2025, también se abordó la importancia del diagnóstico y tratamiento del mieloma múltiple (MM), que es el segundo cáncer hematológico más común después de los linfomas no Hodgkin.

El mieloma múltiple es causante de un crecimiento desmedido de células plasmáticas en la médula ósea, mismas que si bien son un componente importante del sistema inmune, al generarse de forma desmedida, pueden desplazar a las células productoras de células sanguíneas normales, lo que puede provocar que los pacientes desarrollen anemia, bajo nivel de plaquetas en sangre (trombocitopenia), o presentar leucopenia (escasez de glóbulos blancos normales), lo cual puede ocasionar problemas para combatir infecciones.

En etapas tempranas, puede no presentar síntomas, pero cuando estos aparecen pueden incluir dolor en los huesos, especialmente en la columna vertebral o en el pecho, náuseas, estreñimiento, pérdida de apetito, desorientación o confusión mental, fatiga, infecciones frecuentes, adelgazamiento, debilidad o entumecimiento en las piernas y sed excesiva.

Al respecto, Max Saráchaga, enfatizó que en la actualidad los avances en investigación médica han permitido el desarrollo de terapias innovadoras que no solo modifican el curso natural de enfermedades complejas como el mieloma múltiple, sino que también mejoran de forma significativa la calidad de vida de los pacientes.</texto><imagen_url>https://lacronicadehoy-lacronicadehoy-prod.web.arc-cdn.net/resizer/v2/YQMBFXNT7SIRQUQTPLS4UCESHU.jpg?auth=508cec40e8d0e027ee836396392bbec3f141429b6dc693d71e35513b2fdf184e&amp;width=1200</imagen_url></noticia><noticia><url>https://www.cronica.com.mx/tendencias/2025/08/13/resultados-melate-revancha-y-revanchita-13-de-agosto-2025-numeros-ganadores-del-sorteo-4095/</url><titulo>Resultados Melate, Revancha y Revanchita 13 de agosto 2025: números ganadores del sorteo 4095</titulo><autores>Por, Crónica Digital</autores><texto>Melate, Revancha y Revanchita Números ganadores 13 de agosto (Crónica Digital)

El Sorteo 4095 de Melate, Revancha y Revanchita se realizó este miércoles 13 de agosto de 2025, convirtiéndose en uno de los eventos más esperados de la semana para los aficionados a la Lotería Nacional.

Miles de participantes en todo México siguieron atentos los números ganadores de Melate, con la esperanza de llevarse la millonaria bolsa acumulada.

¿De cuánto es la bolsa acumulada del Melate 4095?

La edición de este miércoles ofreció una bolsa acumulada de 94 millones de pesos, resultado del sistema progresivo que incrementa el premio mayor cuando no hay ganadores en sorteos previos.

Esta dinámica ha sido clave para que el interés en Melate se mantenga en constante crecimiento, generando una gran expectativa entre quienes buscan convertirse en millonarios con sus combinaciones.

¿Cómo se juega Melate?

Jugar Melate es muy sencillo: el participante selecciona entre seis y diez números del 1 al 56. En cada sorteo se extraen seis números principales y una bola adicional que puede definir premios secundarios.

Las modalidades de Revancha y Revanchita utilizan la misma combinación elegida para el sorteo principal, aumentando de forma significativa las posibilidades de ganar sin necesidad de seleccionar nuevos números. Este sistema permite que cada boleto pueda generar múltiples premios en una sola noche.

Transmisión en vivo: resultados del sorteo Melate 4095

La Lotería Nacional transmitió el Melate 13 de agosto 2025 en vivo a través de sus canales oficiales en YouTube y Facebook.

Quienes no pedieron seguir la transmisión en tiempo real pueden consultar la grabación para verificar los resultados del sorteo y confirmar sus combinaciones. Estos son los números ganadores:

Números ganadores Melate 13 de agosto Lotería Nacional

¿A qué hora es el sorteo de Melate 4095?

El Melate, Revancha y Revanchita de este miércoles se realiza a las 21:00 horas, tiempo del centro de México, siguiendo la programación habitual de la Lotería Nacional para este tipo de sorteos.

¿Dónde consultar los resultados del Melate 4095?

Los números ganadores del Melate del miércoles estarán disponibles en la página oficial de la Lotería Nacional, donde se publica el desglose completo de combinaciones premiadas para el sorteo 4095, así como para Revancha y Revanchita.

Además, los resultados pueden verificarse en los puntos de venta autorizados o introduciendo la combinación del boleto en la plataforma digital de la Lotería Nacional, que informa de inmediato si el jugador ha resultado ganador.

¿Cuánto cuesta jugar Melate?

Participar en el Melate principal tiene un costo de 15 pesos. Activar Revancha incrementa el costo en 10 pesos adicionales y agregar Revanchita suma otros 5 pesos, alcanzando un total de 30 pesos para quienes optan por jugar en las tres modalidades y así aumentar sus posibilidades de ganar.</texto><imagen_url>https://lacronicadehoy-lacronicadehoy-prod.web.arc-cdn.net/resizer/v2/ZII2QXM37RFGJMREXB7DN43LZQ.jpg?auth=0a21887141774c5efeb6e66ea447b991bc55245d63fc2bc11a0b056f97d2f934&amp;width=1200</imagen_url></noticia><noticia><url>https://www.cronica.com.mx/nacional/2025/08/14/lluvias-muy-fuertes-se-extienden-por-gran-parte-del-pais-y-calor-extremo-continua-en-el-norte/</url><titulo>Lluvias muy fuertes se extienden por gran parte del país y calor extremo continúa en el norte</titulo><autores>Por, Tamara Ramírez Villegas</autores><texto>Según lo reportado esta mañana por el Servicio Meteorológico Nacional, este jueves el monzón mexicano en combinación con inestabilidad atmosférica y canales de baja presión, así como las ondas tropicales 21 y 22, dejarán lluvias fuertes a muy fuertes en el noroeste, occidente, centro, oriente, sur y sureste del país.Pese a las precipitaciones, el calor extremo persistirá en el norte, con temperaturas que podrían superar los 45 °C en Baja California.

Se esperan para este jueves #Lluvias muy fuertes en el noroeste, occidente, centro, oriente, sur y sureste del #México. Todos los detalles en https://t.co/c2VXZkVDvd pic.twitter.com/626VHniCd9 — CONAGUA Clima (@conagua_clima) August 14, 2025

Lluvias

Muy fuertes (50 a 75 mm): Sonora, Chihuahua, Durango, Sinaloa, Nayarit, Jalisco, Colima, Michoacán, Guerrero, Oaxaca, Estado de México, Ciudad de México, Morelos, Tlaxcala, Puebla, Veracruz, Chiapas y Tabasco

Sonora, Chihuahua, Durango, Sinaloa, Nayarit, Jalisco, Colima, Michoacán, Guerrero, Oaxaca, Estado de México, Ciudad de México, Morelos, Tlaxcala, Puebla, Veracruz, Chiapas y Tabasco Fuertes (25 a 50 mm): Baja California Sur, Zacatecas, Guanajuato, Querétaro, Hidalgo, Campeche, Yucatán y Quintana Roo

Viento

30 a 40 km/h con rachas de 50 a 70 km/h: Golfo de California y Sonora

Altas temperaturas:

Más de 45 °C : Baja California (noreste)

: Baja California (noreste) 40 a 45 °C: Baja California Sur (centro), Sonora, Sinaloa (norte), Chihuahua (suroeste y noreste), Coahuila (noreste), Nuevo León (norte y este) y Tamaulipas (oeste y noroeste)

Baja California Sur (centro), Sonora, Sinaloa (norte), Chihuahua (suroeste y noreste), Coahuila (noreste), Nuevo León (norte y este) y Tamaulipas (oeste y noroeste) 35 a 40 °C: Durango, Nayarit, Oaxaca, Chiapas, Tabasco, Campeche y Yucatán

Recomendaciones:

Las autoridades de Protección Civil exhortan a la población a no transitar ni cruzar zonas inundadas ya que la magnitud del agua puede ser mayor a lo que se percibe.</texto><imagen_url>https://lacronicadehoy-lacronicadehoy-prod.web.arc-cdn.net/resizer/v2/AXLWFTN55BAL3LZHTWM7UJXUGU.jpg?auth=6b95e705ac069008fcb422ff639a68df307b93ea6cc91b7f538a3c87e33b3dab&amp;width=1200</imagen_url></noticia><noticia><url>https://www.cronica.com.mx/nacional/2025/08/14/refuerzan-acciones-para-atender-encharcamientos-en-el-aicm/</url><titulo>Refuerzan acciones para atender encharcamientos en el AICM</titulo><autores>Por, Eidalid López Pérez</autores><texto>Refuerzan acciones para atender encharcamientos en el AICM

En seguimiento a los trabajadores coordinados para prevenir afectaciones por lluvias en el Aeropuerto Internacional de la Ciudad de México (AICM), autoridades federales y locales realizaron recorridos de inspección en el lado aire de la terminal, con el propósito de identificar las zonas donde recientemente se presentaron encharcamientos.

El equipo interinstitucional, conformado por personal del propio AICM, la Comisón Nacional del Agua (Conagua), la Secretaría de Infraestructura, Comunicaciones y Trasnporte (SICT) y el Gobierno de la Ciudad de México, evaluó las áreas críticas para reforzar las medidas de drenaje y garantizar la opertividad del aeropuerto ante precipitaciones intensas.

Durante la joranda, especialistas verificaron la capacidad de desalojo del agua en pistas y calles de rodaje, así como el estado del sistema de alcantarillado interno y de los equipos de bombeo. Los recorridos permitieron identificar puntos donde se requiere mantenimiento inmediato y definir acciones preventivas para evitar la acumulación de agua que pueda comprometer la seguridad de las operaciones aéreas.

Reunión para atender encharcamientos en el AICM

Posteriormente, se llevó a cabo una reunión de seguimiento y evaluación para diseñar estrategias conjuntas y priorizar intervenciones de corto plazo. Las autoridades coincidieron en la necesidad de coordinar trabajos permanentes, no solo para resolver contingencias actuales, sino también para fortalecer la infraestructura hidráulica del aeropuerto a mediano plazo.

El AICM informó que estas acciones forman parte de un plan integral que incluye monitoreo constante, mantenimiento correctivo y preventivo, así como la atención inmediata de cualquier incidente derivado de las lluvias. Con estas medidas, se busca garantizar la seguridad de pasajeros, aerolíneas y personal aeroportuario, además de mantener la continuidad de las operaciones en uno de los principales puntos de conexión aérea del país.</texto><imagen_url>https://lacronicadehoy-lacronicadehoy-prod.web.arc-cdn.net/resizer/v2/P74IHIHOWZECXEI6CM7B7JSLTA.jfif?auth=f137811c409a438fe75abf2801db57309256947632e30d13803c383a95544d97&amp;width=1200</imagen_url></noticia><noticia><url>https://www.cronica.com.mx/nacional/2025/08/13/asesinato-de-mujer-en-una-relacion-de-hecho-si-se-debe-considerar-como-feminicidio-primera-sala/</url><titulo>Asesinato de mujer en una “relación de hecho” sí se debe considerar como feminicidio: Primera Sala</titulo><autores>Por, Eloísa Domínguez</autores><texto>CDMX — Un sujeto que privó de la vida a la mujer a la que embarazó y que encontraba con ocho meses de gestación recurrió a un amparo inconforme al ser acusado del delito de feminicidio y bajo el argumento de que la “relación de hecho” es un término ambiguo para que se tomara en cuenta en su vínculo con la víctima. Sin embargo, la Primera Sala le negó el recurso al explicar que no había lugar a dudas de su cercanía con la persona gestante.

Los ministros analizaron el tema y determinaron que la “relación de hecho” debe entenderse como aquel vínculo en el que, si bien no existe una declaración expresa y formal de voluntad para formar una vida en común y permanente, se tiene una unión fáctica que genera cierto grado de intimidad y de confianza entre los integrantes.

La Primera Sala de la Suprema Corte de Justicia de la Nación conoció de un caso en el que un hombre embarazó a una mujer y, durante la gestación, la frecuentó y presionó de manera insistente para que abortara. Al octavo mes del embarazo, el hombre atacó a la mujer con un arma punzocortante en su domicilio, lo que provocó que muriera junto con el producto de la gestación.

Por estos hechos, el hombre fue sentenciado en definitiva por el delito de feminicidio, decisión contra la que promovió un juicio de amparo directo en el que, entre otras cuestiones, reclamó la inconstitucionalidad del artículo 97-A, fracción I, del Código Penal para el Estado de Aguascalientes, conforme al cual comete el delito de feminicidio quien por razones de género prive de la vida a una mujer, precisando que existen razones de género cuando exista o haya existido entre el activo y la víctima una relación de parentesco por consanguinidad o afinidad, de matrimonio, concubinato, noviazgo, amistad o cualquier otra relación de hecho. Esto, tras estimar que la porción “relación de hecho” es ambigua e imprecisa porque no se entiende hasta qué punto debe ser el vínculo entre quien comete el delito y la víctima.

La Primera Sala reflexionó que si bien la expresión “relación de hecho” no está definida o regulada por una norma; la lectura que tiene que hacerse de la expresión referida no debe ser limitativa, sino que debe comprender las múltiples y complejas relaciones que pueden generarse entre las personas.

También dejó en claro que al respecto no necesario que el legislador señale todos los supuestos hipotéticos en los que se entendería que existe tal relación entre la víctima y el agresor, pues dicho ejercicio resultaría complejo debido a la multiplicidad de relaciones interpersonales que pueden darse en la realidad.

De acuerdo con el caso, un Tribunal Colegiado negó el amparo, decisión contra la que el sentenciado interpuso un recurso de revisión.

En su fallo, la Primera Sala determinó que la porción normativa “o cualquier otra relación de hecho”, no es inconstitucional frente al principio de legalidad en su vertiente de taxatividad —exacta aplicación de la ley—, pues es claro que una razón de género en el delito de feminicidio surge cuando entre la víctima y el agresor existieron vínculos de afecto, intimidad o confianza que provocaron un estado de vulnerabilidad a la víctima, toda vez que, precisamente, aprovechándose de esa relación es que el agresor lesiona uno de los bienes jurídicos más importantes como es la vida de una mujer.

“El elemento objetivo-normativo de valoración cultural relación de hecho no es vago o ambiguo, por lo que resulta entendible para cualquier persona comprender que se cometerá el delito de feminicidio, cuando se priva de la vida a una mujer con quien se comparte un vínculo sentimental, de afecto o de confianza, independientemente, de que ese tipo de relación se encuentre o no regulado por la ley o de su carácter permanente, casual o transitorio”, de acuerdo con la jurisprudencia emitida por la Corte.

La expresión analizada es replicada por diversos instrumentos internacionales y nacionales que prohíben la violencia en contra de la mujer y sancionan el delito de feminicidio.</texto><imagen_url>https://lacronicadehoy-lacronicadehoy-prod.web.arc-cdn.net/resizer/v2/PRLJ3XMCSNGUTCAAPIR2FQTCWA.jpg?auth=fa6e548c7d7507af3410c56e7d5318e86ed3e4721afd2ec8ddc558a144f1b884&amp;width=1200</imagen_url></noticia></noticias>